{
  "Case 57": {
    "training_time": 80.31751346588135,
    "inference_time_per_sample": 1.3532638549804687e-05,
    "max_P_viol_pu": 0.25598108768463135,
    "max_Q_viol_pu": 0.31514251232147217,
    "max_viol_pu": 0.31514251232147217,
    "mean_P_viol_pu": 0.04529678821563721,
    "mean_Q_viol_pu": 0.029787883162498474,
    "cost": 32923.11328125,
    "V_mean": 0.9994874000549316,
    "V_std": 0.03441791608929634,
    "V_min": 0.940125584602356,
    "V_max": 1.0586190223693848,
    "Pg_total_mw": 1171.5856552124023,
    "baseMVA": 100
  },
  "Case 118": {
    "training_time": 332.0106053352356,
    "inference_time_per_sample": 1.4195442199707031e-05,
    "max_P_viol_pu": 0.5709371566772461,
    "max_Q_viol_pu": 0.24917227029800415,
    "max_viol_pu": 0.5709371566772461,
    "mean_P_viol_pu": 0.06664826720952988,
    "mean_Q_viol_pu": 0.02283766120672226,
    "cost": 130791.375,
    "V_mean": 0.9737033843994141,
    "V_std": 0.021116934716701508,
    "V_min": 0.9400642514228821,
    "V_max": 1.056201696395874,
    "Pg_total_mw": 4383.215713500977,
    "baseMVA": 100
  }
}